"","RMSE","Rsq","AdjRsq","Io","BWE_slope","a"
"1",0.0332428468563496,0.647086367057458,0.558857958821822,940.975003461831,-0.00346243460765744,0.53389373378171
