"","RMSE","Rsq","AdjRsq","Io","BWE_slope","a"
"1",0.0326886360172925,0.658755534630664,0.593756588846028,896.739725376946,-0.012,0.632601679024572
