"","RMSE","Rsq","AdjRsq","Io","BWE_slope","a"
"1",0.045338864926151,0.343532388388826,0.254014077714575,792.393912522685,-0.012,"NA"
