"","RMSE","Rsq","AdjRsq","Io","BWE_slope","a"
"1",0.0484929110747874,0.249019725941711,0.105975864216323,785.635968582122,-0.0103805239986887,"NA"
